20200626_154313_mlx90640_01_light_none.csv,35,60,walk,60,79,sitdown,79,106,lying,106,160,standup,160,190,walk,190,220,sitdown,220,238,standup,245,271,falling,271,289,falled,289,339,standup,340,353,walk,353,370,sitdown,370,400,falling,400,449,standup,449,504,walk,
20200626_154556_mlx90640_01_light_none.csv,72,162,walk,162,319,walk,318,352,sitdown,352,608,sit,608,651,lying,651,869,sleeping,869,928,standup,942,992,falling,992,1040,standup,1040,1084,sitdown,1084,1119,sit,1119,1192,falling,1192,1289,standup,1289,1342,walk,
20200626_155021_mlx90640_01_light_none.csv,28,90,walk,90,122,sitdown,122,263,sit,263,542,falling,542,600,standup,600,729,walk,729,778,sitdown,778,1212,sit,1212,1257,lying,1257,1528,sleeping,1528,1587,standup,1636,1684,falling,1681,1771,falled,1771,1814,standup,1814,1856,walk,
20200626_155441_mlx90640_01_light_none.csv,36,175,walk,212,249,falling,251,281,standup,281,291,walk,291,311,falling,311,339,standup,349,384,falling,403,436,standup,436,491,walk,505,534,falling,534,568,standup,580,622,falling,622,647,standup,661,693,falling,693,740,standup,778,815,falling,815,848,standup,880,915,falling,915,971,standup,1004,1045,falling,1045,1092,standup,1231,1260,falling,1273,1305,standup,1318,1378,falling,1380,1416,standup,1434,1467,falling,1467,1513,standup,1558,1600,sitdown,1632,1662,falling,1662,1701,standup,1728,1749,falling,1749,1822,standup,1850,1900,walk,1903,1948,sitdown,1948,2009,standup,2009,2020,walk,
20200626_155946_mlx90640_01_light_none.csv,54,95,sitdown,95,289,sit,289,325,standup,325,359,walk,359,411,sitdown,411,454,sit,454,495,standup,495,548,walk,548,645,sit,645,817,sit,817,836,standup,836,899,walk,899,961,standup,961,1013,walk,
20200626_160219_mlx90640_01_light_none.csv,101,135,falling,135,162,falled,162,198,standup,198,225,walk,225,260,falling,260,313,standup,322,362,sitdown,362,391,falling,391,431,standup,453,483,falling,483,537,standup,537,572,walk,572,603,falling,603,649,falled,649,688,standup,688,724,sitdown,724,752,lying,752,856,sleeping,856,901,standup,921,954,falling,955,991,falled,991,1029,standup,1029,1052,walk,1052,1094,falling,1094,1147,falled,1147,1188,standup,1188,1234,walk,
20200626_160522_mlx90640_01_light_none.csv,47,366,walk,366,725,walk,
20200626_160716_mlx90640_01_light_none.csv,65,122,lying,122,548,sleeping,548,579,standup,579,627,lying,627,686,sleeping,686,720,standup,720,766,sit,766,801,lying,801,835,sleeping,835,874,standup,916,975,lying,975,1017,sleeping,1017,1081,standup,1081,1153,active,1153,1197,sitdown,1197,1226,lying,1226,1284,sleeping,1284,1332,standup,1359,1398,lying,1398,1438,sleeping,1438,1486,standup,1486,1512,walk,
20200626_161131_mlx90640_01_light_none.csv,55,89,falling,89,112,falled,112,165,standup,166,192,walk,192,221,sitdown,221,236,sit,236,267,falling,267,295,falled,295,340,standup,382,405,falling,405,428,falled,428,485,standup,485,533,walk,548,587,falling,587,605,falled,605,646,standup,656,692,falling,692,728,falled,728,773,standup,804,834,falling,834,848,falled,848,887,standup,887,923,falling,923,953,falled,953,1001,standup,1023,1066,falling,1066,1101,falled,1101,1176,standup,1176,1204,walk,
20200626_161431_mlx90640_01_light_none.csv,20,328,active,328,387,walk,387,601,active,601,995,active,995,1153,active,1153,1397,active,1397,1675,walk,
20200626_161947_mlx90640_01_light_none.csv,59,126,walk,126,174,active,174,281,walk,281,988,walk,988,1618,walk,1618,1803,walk,
20200626_162405_mlx90640_01_light_none.csv,44,82,sitdown,82,147,sit,147,180,standup,188,216,sitdown,216,471,sit,471,489,standup,489,510,walk,510,549,sitdown,549,732,sit,732,764,standup,764,791,walk,791,827,sitdown,827,901,sit,901,941,standup,941,970,walk,970,1013,sitdown,1013,1076,sit,1076,1103,standup,1187,1308,walk,1308,1340,sitdown,1340,1368,sit,1368,1403,standup,1403,1420,walk,
20200626_162728_mlx90640_01_light_none.csv,27,83,lying,83,292,sleeping,292,337,standup,337,366,walk,366,416,lying,416,505,sleeping,505,552,standup,552,592,walk,592,632,lying,632,727,sleeping,727,781,standup,781,812,walk,812,867,lying,867,882,sleeping,882,957,standup,977,1026,lying,1026,1073,sleeping,1073,1123,standup,1154,1203,lying,1203,1251,sleeping,1251,1303,standup,1323,1375,lying,1375,1441,sleeping,1477,1545,sit,1545,1581,lying,1581,1685,sleeping,1685,1816,standup,1843,1975,walk,1975,2016,lying,2056,2121,standup,2120,2168,walk,
20200626_163311_mlx90640_01_light_none.csv,45,82,sitdown,82,140,sit,140,168,lying,168,185,sleeping,253,279,sleeping,491,538,standup,538,582,walk,582,624,sitdown,636,671,lying,673,713,sleeping,713,765,standup,765,802,lying,802,855,sleeping,855,953,standup,953,981,walk,981,1032,lying,1032,1066,sleeping,1066,1134,standup,1134,1171,sit,1171,1203,lying,1203,1281,standup,1346,1403,sleeping,1403,1475,standup,1475,1533,standup,1561,1609,sitdown,1609,1715,sit,1715,1751,lying,1751,1936,sleeping,1940,2048,standup,2091,2136,sitdown,2136,2202,sit,2202,2252,lying,2252,2322,sleeping,2322,2402,standup,2402,2418,walk,
20200626_165412_mlx90640_01_light_none.csv,85,124,falling,124,182,standup,182,233,falling,233,262,falled,262,311,standup,328,359,falling,359,409,standup,458,493,falling,493,512,falled,512,570,standup,570,618,falling,618,669,standup,669,709,falling,709,772,standup,821,868,falling,868,905,falled,905,953,standup,997,1055,falling,1070,1109,standup,1109,1152,falling,1152,1188,falled,1188,1223,standup,1223,1273,falling,1273,1298,falled,1315,1371,falling,1371,1464,standup,1496,1523,sitdown,1522,1593,falling,1593,1623,sleeping,1623,1694,standup,1722,1791,falling,1791,1865,standup,1945,2009,falling,2009,2070,standup,2070,2114,walk,2114,2206,active,2206,2573,active,2573,2606,walk,
20200626_175151_mlx90640_01_light_none.csv,27,64,falling,64,116,standup,157,201,falling,219,273,standup,316,351,falling,374,439,standup,439,512,walk,512,546,falling,546,589,standup,641,682,falling,682,728,standup,731,779,walk,
20200627_184507_mlx90640_01_light_none.csv,68,116,falling,135,163,standup,163,277,walk,277,323,sitdown,323,358,falling,358,404,falled,404,471,standup,498,531,falling,531,558,falled,558,604,standup,604,743,walk,743,778,falling,778,803,falled,803,840,standup,840,904,walk,904,963,falling,963,993,falled,993,1031,standup,1270,1305,falling,1305,1325,falled,1325,1379,standup,1379,1437,walk,1437,1486,falling,1486,1521,falled,1521,1546,standup,1546,1790,walk,1790,1836,falling,1836,1861,falled,1861,1932,standup,1932,2120,walk,2120,2178,sitdown,2178,2266,sit,2266,2318,falling,2318,2377,standup,2377,2463,walk,2463,2509,falling,2509,2557,falled,2557,2630,standup,2630,2784,walk,2784,2851,walk,
20200627_185209_mlx90640_01_light_none.csv,4,40,walk,40,69,falling,69,92,falled,92,122,standup,122,213,walk,213,230,falling,230,282,falled,282,358,standup,358,522,walk,522,550,falling,550,581,falled,581,657,standup,657,713,walk,
20200627_185542_mlx90640_01_light_none.csv,37,60,falling,60,103,falled,103,175,standup,175,191,walk,191,215,sitdown,215,229,sit,229,256,falling,256,289,falled,289,346,standup,346,399,walk,399,433,falling,433,450,falled,450,530,standup,530,602,walk,602,647,sitdown,647,677,lying,677,700,sleeping,700,755,standup,755,798,lying,798,823,sleeping,823,871,standup,871,881,sit,881,905,standup,905,922,walk,922,951,sitdown,951,994,sit,994,1029,falling,1029,1047,falled,1047,1112,standup,1112,1120,walk,1120,1145,falling,1145,1160,falled,1160,1220,standup,1220,1249,walk,1249,1284,falling,1284,1304,falled,1304,1346,standup,1346,1371,walk,1371,1401,falling,1401,1429,falled,1429,1491,standup,1491,1577,walk,1577,1603,sitdown,1603,1632,standup,1632,1672,walk,1672,1731,lying,1731,1760,sleeping,1760,1811,standup,1811,1841,lying,1841,1900,sleeping,1900,1969,standup,1969,2013,walk,
20200627_190147_mlx90640_01_light_none.csv,37,94,walk,94,127,active,127,182,walk,182,241,walk,241,270,sitdown,270,292,standup,292,378,walk,378,400,sitdown,400,443,sit,443,460,standup,460,532,walk,532,555,active,555,597,walk,597,614,active,614,709,walk,709,724,sitdown,724,738,standup,738,802,walk,
20200627_191448_mlx90640_01_light_none.csv,49,78,walk,78,103,falling,103,125,falled,125,151,standup,151,196,walk,196,227,falling,227,266,falled,266,289,standup,289,319,active,319,374,walk,374,384,stand,384,413,falling,413,445,falled,445,480,standup,480,509,walk,509,550,sitdown,550,614,sit,614,645,falling,645,670,falled,670,708,standup,708,783,walk,783,812,falling,812,879,falled,879,947,active,947,1061,walk,1061,1095,falling,1095,1115,falled,1115,1135,standup,1135,1243,walk,1243,1274,falling,1274,1291,falled,1291,1327,standup,1327,1356,walk,
20200627_191941_mlx90640_01_light_none.csv,14,36,walk,36,75,sitdown,75,88,sit,88,124,lying,124,155,sleeping,155,197,standup,197,419,sit,419,467,standup,467,510,sitdown,510,672,sit,672,691,standup,691,812,walk,812,855,sitdown,855,886,sit,886,920,standup,920,952,walk,952,986,sitdown,986,1021,sit,1021,1055,standup,1055,1085,walk,1085,1123,sitdown,1123,1186,sit,1186,1217,standup,1217,1258,walk,1258,1315,lying,1315,1375,sleeping,1375,1405,standup,1405,1447,walk,1447,1501,lying,1501,1548,sleeping,1548,1590,standup,1590,1634,walk,1634,1676,lying,1676,1702,standup,1702,1734,walk,
20200627_192440_mlx90640_01_light_none.csv,33,1123,walk,
20200627_212458_mlx90640_01_light_none.csv,36,82,walk,82,121,sitdown,121,137,sit,137,192,lying,192,216,sleeping,216,244,standup,244,288,sit,288,319,standup,319,397,walk,397,433,falling,433,475,standup,475,552,walk,552,583,sitdown,583,658,standup,658,717,walk,717,752,falling,752,790,falled,790,845,standup,845,892,walk,892,921,sitdown,921,995,sit,995,1041,falling,1041,1053,falled,1053,1103,standup,1103,1160,walk,1160,1208,falling,1208,1257,falled,1257,1301,standup,1301,1331,walk,
20200627_212859_mlx90640_01_light_none.csv,40,79,walk,79,116,sitdown,116,177,sit,177,214,falling,214,223,falled,223,270,standup,270,341,walk,341,380,sitdown,380,413,sit,413,443,lying,443,479,sleeping,479,528,standup,528,571,walk,571,630,lying,630,655,sleeping,655,696,standup,696,764,walk,764,804,falling,804,823,falled,823,893,standup,893,946,walk,946,979,sitdown,979,1033,sit,1033,1079,falling,1079,1129,standup,1129,1204,walk,1204,1235,sitdown,1235,1312,sit,1312,1344,standup,1344,1516,walk,1516,1586,lying,1586,1650,standup,1650,1795,walk,1795,1859,lying,1859,1900,standup,1900,1997,walk,1997,2048,lying,2048,2126,standup,2126,2195,walk,2195,2235,falling,2235,2267,falled,2267,2333,standup,2333,2366,walk,
20200627_213651_mlx90640_01_light_none.csv,34,47,walk,47,112,lying,112,147,sleeping,147,198,standup,198,222,walk,222,281,lying,281,406,sleeping,406,493,standup,493,531,walk,531,617,lying,617,666,sleeping,666,723,standup,723,738,walk,738,775,sitdown,775,830,sit,830,886,sitdown,886,945,lying,945,973,sleeping,973,1037,standup,1037,1064,walk,1064,1100,sitdown,1100,1227,sit,1227,1258,standup,1258,1291,walk,
20200628_143344_mlx90640_01_light_none.csv,86,140,walk,140,174,sitdown,174,216,lying,216,228,sleeping,228,270,standup,270,318,walk,356,369,walk,369,391,falling,391,431,standup,431,482,active,482,508,falling,508,581,standup,581,607,walk,607,629,falling,629,637,falled,637,681,standup,681,715,walk,715,733,sitdown,733,756,falling,756,810,standup,810,874,walk,874,904,falling,904,952,standup,952,1032,walk,1032,1066,falling,1066,1144,standup,1144,1197,walk,1197,1224,falling,1224,1260,standup,1260,1304,falling,1304,1342,standup,1342,1389,walk,1389,1410,falling,1410,1439,standup,1439,1489,walk,1489,1513,falling,1513,1536,standup,1536,1593,walk,1593,1632,falling,1632,1669,standup,1669,1699,walk,
20200628_143742_mlx90640_01_light_none.csv,36,64,walk,64,83,falling,83,94,falled,94,130,standup,130,161,walk,161,180,sitdown,180,207,falling,207,216,falled,216,262,standup,262,296,walk,296,315,falling,315,320,falled,320,358,standup,358,414,walk,414,436,falling,436,451,falled,451,481,standup,481,507,walk,507,535,falling,535,579,standup,579,639,walk,639,678,falling,678,698,falled,698,764,standup,764,835,walk,835,871,falling,871,887,falled,887,921,standup,921,928,walk,928,948,active,948,1005,falling,1005,1070,standup,1070,1243,walk,1243,1295,falling,1295,1352,standup,1352,1466,walk,1466,1513,falling,1513,1537,falled,1537,1574,standup,1574,1651,walk,1651,1692,falling,1692,1713,falled,1713,1751,standup,1751,1802,walk,1802,1836,falling,1836,1878,standup,1878,1891,walk,
20200628_144233_mlx90640_01_light_none.csv,68,94,walk,94,137,falling,137,158,falled,158,210,standup,210,299,walk,299,330,falling,330,358,standup,358,422,walk,422,450,falling,450,457,falled,457,488,standup,488,557,walk,557,586,falling,586,605,falled,605,638,standup,638,718,walk,718,757,falling,757,760,falled,760,806,standup,806,859,walk,859,896,falling,896,924,standup,924,947,walk,947,984,falling,984,1031,standup,1031,1077,walk,1077,1121,falling,1121,1173,falled,1173,1227,standup,1227,1261,walk,
20200628_144536_mlx90640_01_light_none.csv,82,108,walk,108,160,lying,160,178,sleeping,178,219,standup,219,243,walk,243,331,lying,331,406,falled,406,426,standup,426,446,walk,
20200628_145326_mlx90640_01_light_none.csv,33,63,walk,63,97,lying,97,127,standup,127,143,walk,143,165,sitdown,165,198,falling,198,269,standup,269,317,walk,317,341,falling,341,377,standup,377,408,walk,408,432,falling,432,470,standup,470,509,walk,
20200628_145512_mlx90640_01_light_none.csv,22,28,walk,28,44,falling,44,87,standup,87,153,walk,153,171,falling,171,216,standup,216,259,walk,259,280,falling,280,289,falled,289,326,standup,326,335,walk,335,352,sitdown,352,389,falling,389,430,standup,430,475,walk,475,498,falling,498,531,standup,531,547,walk,547,580,falling,580,602,falled,602,654,standup,654,683,walk,683,709,falling,709,720,falled,720,755,standup,755,800,falling,800,863,standup,863,896,walk,896,923,falling,923,960,falled,960,987,standup,987,1069,walk,
20200628_145759_mlx90640_01_light_none.csv,50,216,walk,216,247,sitdown,247,268,sit,268,310,sitdown,310,343,sit,343,410,sit,410,442,lying,442,475,sleeping,475,503,standup,503,512,sit,512,571,lying,571,820,sleeping,820,860,standup,860,917,walk,917,950,falling,950,993,falled,993,1029,standup,1029,1042,stand,1042,1095,falling,1095,1138,falled,1138,1184,standup,1184,1218,walk,1218,1238,falling,1238,1299,falled,1299,1336,standup,1336,1360,sitdown,1360,1406,falling,1406,1456,falled,1456,1509,standup,1509,1552,walk,1552,1583,falling,1583,1615,falled,1615,1667,standup,1667,1701,walk,
20200628_150308_mlx90640_01_light_none.csv,41,72,walk,72,105,sitdown,105,154,falling,154,171,falled,171,231,standup,231,270,walk,270,301,falling,301,306,falled,306,361,standup,361,434,walk,434,463,falling,463,478,falled,478,532,standup,532,575,falling,575,592,falled,592,636,standup,636,644,walk,644,677,falling,677,743,standup,743,797,walk,797,820,falling,820,840,falled,840,900,standup,900,980,walk,980,1031,falling,1031,1050,falled,1050,1123,standup,1123,1167,walk,1167,1215,sitdown,1215,1230,sit,1230,1279,falling,1279,1293,falled,1293,1385,standup,1385,1408,walk,1408,1455,falling,1455,1513,standup,1513,1607,walk,1607,1666,falling,1666,1760,standup,1760,1852,walk,1852,1912,falling,1912,1944,standup,1944,2072,walk,2072,2119,sitdown,2119,2151,falling,2151,2273,falled,2273,2346,walk,2346,2357,sitdown,2357,2400,falling,2400,2476,falled,2476,2527,standup,2527,2600,walk,2600,2626,falling,2626,2655,falled,2655,2820,walk,2820,2866,falling,2866,2917,falled,2917,3010,walk,
20200628_151045_mlx90640_01_light_none.csv,30,40,walk,40,77,sitdown,77,111,sit,111,149,walk,149,181,sitdown,181,229,sit,229,298,falling,298,329,falled,329,377,standup,377,397,walk,397,423,sitdown,423,439,sit,439,467,falling,467,479,falled,479,520,standup,520,552,walk,552,576,falling,576,656,standup,656,705,walk,705,736,falling,736,813,standup,813,835,walk,835,870,sitdown,870,906,sit,906,933,standup,933,966,walk,966,1014,lying,1014,1061,sleeping,1061,1111,standup,1111,1183,walk,1183,1207,falling,1207,1251,falled,1251,1311,standup,1311,1416,walk,1416,1455,sitdown,1455,1494,sit,1494,1529,standup,1529,1543,walk,
20200628_151442_mlx90640_01_light_none.csv,59,94,walk,94,124,sitdown,124,140,sit,140,157,standup,157,171,walk,171,196,falling,196,235,standup,235,278,walk,278,315,falling,315,360,standup,360,388,walk,388,415,sitdown,415,457,lying,457,489,standup,489,500,stand,500,529,falling,529,533,falled,533,572,standup,572,600,walk,600,627,sitdown,627,682,falling,682,705,standup,705,759,walk,759,788,falling,788,797,falled,797,835,standup,835,895,walk,895,903,stand,903,939,sitdown,939,1006,sit,1006,1047,standup,1047,1078,walk,1078,1128,sitdown,1128,1145,standup,1145,1208,sitdown,1208,1244,sit,1244,1289,standup,1289,1404,walk,1404,1464,sitdown,1464,1499,standup,1499,1527,walk,
20200628_151822_mlx90640_01_light_none.csv,77,96,walk,96,121,sitdown,121,186,sit,186,212,standup,212,252,walk,252,301,sitdown,301,380,sit,380,431,lying,431,533,sleeping,533,582,standup,582,660,sit,660,715,standup,715,744,walk,744,783,sitdown,783,831,sit,831,870,lying,870,892,sleeping,892,955,standup,955,975,walk,975,1026,sitdown,1026,1224,sit,1224,1278,falling,1278,1307,falled,1307,1390,standup,1390,1459,sit,1459,1507,standup,1507,1538,walk,1538,1617,lying,1617,1698,sleeping,1698,1915,sleeping,1915,2010,standup,2010,2041,walk,2041,2091,lying,2091,2096,sleeping,2096,2197,standup,2197,2221,walk,2221,2275,sitdown,2275,2304,sit,2304,2350,lying,2350,2402,sleeping,2402,2517,standup,2517,2579,lying,2579,2655,standup,2655,2716,lying,2716,2782,standup,2782,2817,walk,2817,2851,sitdown,2851,2910,sit,2910,2974,sitdown,2974,3012,sit,3012,3095,lying,3095,3140,sleeping,3140,3240,standup,3240,3328,walk,3328,3398,lying,3398,4475,sleeping,4475,4546,standup,4546,4637,sit,4637,4685,sit,
20200628_152910_mlx90640_01_light_none.csv,63,77,walk,77,113,sitdown,113,188,sit,188,241,sitdown,241,388,sit,388,594,active,594,657,sitdown,657,807,sit,807,870,lying,870,1016,sleeping,1016,1079,standup,1079,1181,standup,1181,1350,sit,1350,1448,standup,1448,1545,sit,1545,1605,standup,1605,1789,walk,1789,1836,sitdown,1836,1878,sit,1878,1903,standup,1903,1953,sitdown,1953,1963,sit,1963,2021,standup,2021,2044,walk,
20200628_153410_mlx90640_01_light_none.csv,30,85,walk,85,123,sitdown,123,161,sit,161,184,standup,184,200,walk,200,249,sitdown,249,278,sit,278,314,standup,314,372,walk,372,423,sitdown,423,441,sit,441,480,standup,480,510,walk,510,564,sitdown,564,580,sit,580,647,standup,647,698,walk,698,736,falling,736,789,standup,789,863,walk,863,899,lying,899,923,sleeping,923,970,standup,970,979,walk,979,1019,sitdown,1019,1028,sit,1028,1080,standup,1080,1102,walk,1102,1164,lying,1164,1192,sleeping,1192,1249,standup,1249,1270,walk,1270,1304,lying,1304,1321,sleeping,1321,1377,standup,1377,1430,walk,1430,1470,sitdown,1470,1497,standup,1497,1527,walk,1527,1586,lying,1586,1653,standup,1653,1680,walk,
20200628_153921_mlx90640_01_light_none.csv,15,35,walk,35,67,sitdown,67,94,sit,94,112,standup,112,156,sitdown,156,197,sit,197,224,standup,224,280,walk,280,361,lying,361,391,sleeping,391,440,standup,440,532,walk,532,579,sitdown,579,672,sit,672,708,standup,708,738,walk,738,794,sitdown,794,824,sit,824,864,standup,864,869,walk,869,927,sitdown,927,1034,sit,1034,1076,standup,1076,1112,stand,1112,1154,walk,1154,1207,sitdown,1207,1225,sit,1225,1263,standup,1263,1286,walk,1286,1324,sitdown,1324,1365,falling,1365,1425,standup,1425,1430,walk,1430,1482,falling,1482,1542,standup,1542,1592,walk,
20200628_155530_mlx90640_01_light_none.csv,213,271,walk,271,307,falling,307,344,falled,344,391,standup,391,405,walk,405,473,falling,473,511,falled,511,610,standup,610,657,walk,657,705,falling,705,739,falled,739,805,standup,805,820,walk,820,860,falling,860,925,falled,925,970,standup,970,1041,walk,1041,1081,falling,1081,1137,falled,1137,1190,standup,1190,1209,walk,1209,1291,falling,1291,1359,falled,1359,1394,standup,1394,1427,walk,1427,1462,falling,1462,1548,falled,1548,1610,standup,1610,1639,walk,1639,1683,falling,1683,1724,falled,1724,1781,standup,1781,1860,walk,1860,1907,falling,1907,1972,standup,1972,2009,falling,2009,2061,falled,2061,2120,standup,2120,2139,walk,2139,2174,sitdown,2174,2265,sit,2265,2313,falling,2313,2330,falled,2330,2466,standup,2466,2502,walk,2502,2536,falling,2536,2580,falled,2580,2647,standup,2647,2720,falling,2720,2757,falled,2757,2800,standup,2800,2851,falling,2851,2897,falled,2897,2942,standup,2942,2989,walk,2989,3015,sitdown,3015,3084,falling,3084,3111,falled,3111,3164,standup,3164,3210,sitdown,3210,3296,sit,3296,3348,falling,3348,3386,falled,3386,3424,standup,3424,3506,walk,
20200628_160359_mlx90640_01_light_none.csv,31,42,walk,42,119,lying,119,165,standup,165,182,walk,182,206,falling,206,272,standup,272,310,falling,310,316,falled,316,371,standup,371,410,falling,410,486,standup,486,526,falling,526,599,standup,599,628,walk,628,717,lying,717,738,sleeping,738,785,standup,785,796,walk,796,832,falling,832,839,falled,839,895,standup,895,933,lying,933,970,sleeping,970,1046,standup,1046,1074,walk,1074,1104,sitdown,1104,1130,falling,1130,1207,standup,1207,1285,walk,1285,1312,falling,1312,1366,standup,1366,1506,walk,1506,1534,falling,1534,1575,falled,1575,1620,standup,1620,1665,walk,1665,1714,sitdown,1714,1735,standup,1735,1840,walk,1840,1868,falling,1868,1942,standup,1942,2082,walk,2082,2119,sitdown,2119,2160,standup,2160,2222,walk,
20200628_160917_mlx90640_01_light_none.csv,31,44,walk,44,96,lying,96,128,sleeping,128,197,standup,197,222,walk,222,261,sitdown,261,344,sit,344,396,lying,396,442,standup,442,493,standup,493,536,sitdown,536,565,lying,565,635,sleeping,635,694,sleeping,694,747,standup,747,774,walk,774,835,lying,835,912,standup,912,981,walk,981,1053,lying,1053,1118,sleeping,1118,1185,standup,1185,1224,walk,1224,1270,lying,1270,1317,sleeping,1317,1369,standup,1369,1426,walk,1426,1473,lying,1473,1512,sleeping,1512,1535,standup,1535,1549,sit,1549,1595,lying,1595,1642,sleeping,1642,1686,standup,1686,1788,walk,
20200628_161327_mlx90640_01_light_none.csv,57,75,walk,75,111,sitdown,111,249,sit,249,291,falling,291,317,standup,317,379,walk,379,411,falling,411,445,falled,445,501,standup,501,549,walk,549,594,falling,594,622,falled,622,660,standup,660,697,walk,697,762,falling,762,825,falled,825,880,standup,880,941,walk,941,978,falling,978,1051,falled,1051,1085,standup,1085,1180,walk,1180,1224,falling,1224,1243,falled,1243,1320,standup,1320,1403,sit,1403,1445,standup,1445,1544,walk,1544,1586,falling,1586,1631,standup,1631,1681,falling,1681,1715,standup,1715,1745,walk,1745,1770,falling,1770,1807,standup,1807,1827,walk,1827,1864,falling,1864,1925,standup,1925,1949,walk,1949,1986,falling,1986,2056,standup,2056,2100,walk,2100,2144,sitdown,2144,2179,falling,2179,2210,standup,2210,2245,walk,2245,2272,falling,2272,2331,standup,2331,2356,walk,2356,2386,falling,2386,2410,falled,2410,2448,standup,2448,2475,walk,
20200628_181731_mlx90640_01_light_none.csv,37,58,walk,58,96,sitdown,96,127,standup,127,144,walk,144,199,lying,199,288,sleeping,288,364,standup,364,425,walk,425,469,falling,469,479,falled,479,532,standup,532,587,falling,587,603,falled,603,664,standup,664,707,walk,707,745,falling,745,840,standup,840,873,walk,873,933,sitdown,933,991,lying,991,998,sleeping,998,1039,standup,1039,1254,sit,1254,1642,sit,1642,1701,standup,1701,1736,sitdown,1736,1765,standup,1765,1801,walk,1801,1865,sitdown,1865,1924,lying,1924,2018,standup,2018,2036,walk,2036,2076,sitdown,2076,2113,standup,2113,2144,walk,2144,2185,falling,2185,2200,falled,2200,2244,standup,2244,2264,walk,
20200628_182334_mlx90640_01_light_none.csv,26,57,walk,57,103,sitdown,103,125,sit,125,141,standup,141,199,walk,199,249,sitdown,249,291,lying,291,312,sleeping,312,354,standup,354,462,sit,462,511,standup,511,592,walk,592,643,lying,643,698,standup,698,725,stand,725,809,sitdown,809,895,sit,895,934,lying,934,951,sleeping,951,992,standup,992,1040,sit,1040,1088,standup,1088,1137,stand,1137,1193,lying,1193,1230,sleeping,1230,1275,standup,1275,1355,lying,1355,1369,sleeping,1369,1430,standup,1430,1449,stand,1449,1508,lying,1508,1584,standup,1584,1602,stand,1602,1658,stand,1658,1723,lying,1723,1804,standup,1804,1910,lying,1910,1962,standup,1962,1980,stand,1980,2064,lying,2064,2136,standup,2136,2164,walk,
20200628_183032_mlx90640_01_light_natural.csv,19,61,walk,61,93,falling,93,133,standup,133,152,walk,152,175,falling,175,207,falled,207,247,standup,247,259,walk,259,310,falling,310,361,standup,361,481,walk,481,509,falling,509,529,falled,529,570,standup,570,666,walk,
20200628_185819_mlx90640_01_light_none.csv,21,50,walk,50,106,lying,106,143,standup,143,158,stand,158,217,lying,217,278,standup,278,328,lying,328,375,standup,375,503,lying,503,576,standup,576,642,sitdown,642,717,standup,717,748,walk,748,787,sitdown,787,813,sit,813,839,standup,839,854,walk,854,890,lying,890,935,standup,935,984,walk,984,1027,lying,1027,1073,standup,1073,1132,walk,1132,1182,sitdown,1182,1255,sit,1255,1291,standup,1291,1324,walk,1324,1355,sitdown,1355,1396,sit,1396,1433,standup,1433,1830,walk,1830,1884,lying,1884,1964,standup,1964,2019,walk,
20200628_190309_mlx90640_01_light_none.csv,36,52,walk,52,80,falling,80,95,falled,95,144,standup,144,173,walk,173,203,falling,203,243,standup,243,264,stand,264,291,falling,291,326,standup,326,385,walk,385,426,falling,426,476,standup,476,498,walk,498,549,falling,549,555,falled,555,598,standup,598,687,walk,687,721,falling,721,812,standup,812,904,walk,904,935,falling,935,987,standup,987,1074,walk,1074,1105,falling,1105,1153,standup,1153,1256,walk,1256,1290,falling,1290,1334,standup,1334,1390,walk,1390,1420,falling,1420,1467,standup,1467,1525,walk,
20200628_191501_mlx90640_01_light_none.csv,27,55,walk,55,86,sitdown,86,98,sit,98,121,standup,121,159,sitdown,159,187,lying,187,208,sleeping,208,303,standup,303,340,sitdown,340,371,standup,371,386,walk,386,428,lying,428,464,standup,464,493,walk,493,520,sitdown,520,554,sit,554,572,standup,572,605,walk,605,646,falling,646,677,standup,677,729,sit,729,763,standup,763,815,walk,815,862,sitdown,862,881,sit,881,920,standup,920,995,walk,995,1027,sitdown,1027,1075,sit,1075,1100,standup,1100,1258,walk,1258,1309,sitdown,1309,1348,sit,1348,1384,lying,1384,1674,sleeping,1674,1728,standup,1728,1743,sit,1743,1835,standup,1835,1861,walk,1861,1891,sitdown,1891,1933,standup,1933,2021,lying,2021,2053,sleeping,2053,2107,standup,2107,2162,walk,2162,2257,lying,2257,2320,standup,2320,2449,walk,2449,2493,sitdown,2493,2541,sit,2541,2586,lying,2586,2666,standup,2666,2764,sit,2764,2814,standup,2814,2843,walk,
20200628_192148_mlx90640_01_light_none.csv,48,85,walk,85,119,sitdown,119,253,sit,253,286,standup,286,391,walk,391,469,sitdown,469,505,sit,505,567,lying,567,724,standup,724,953,walk,953,1020,sitdown,1020,1073,lying,1073,1280,sleeping,1280,1352,standup,1352,1461,walk,1461,1571,lying,1571,1604,sleeping,1604,1681,standup,1681,1718,walk,1718,1748,sitdown,1748,1791,sit,1791,1815,standup,1815,1884,walk,1884,1933,sitdown,1933,1990,sit,1990,2047,standup,2047,2090,walk,
20200628_200406_mlx90640_02_light_none.csv,27,153,walk,153,213,lying,213,301,standup,301,334,walk,334,398,lying,398,464,standup,464,516,walk,516,547,falling,547,621,standup,621,682,falling,682,746,standup,746,791,walk,791,827,falling,827,874,standup,874,883,walk,883,908,falling,908,949,standup,949,997,walk,997,1025,falling,1025,1064,standup,1064,1116,walk,1116,1147,falling,1147,1198,standup,1198,1240,walk,1240,1283,falling,1283,1469,walk,1469,1524,falling,1524,1677,standup,1677,1750,walk,1750,1798,falling,1798,1808,falled,1808,1871,standup,1871,1985,walk,1985,2022,falling,2022,2122,falled,2122,2218,standup,2218,2284,walk,2284,2334,falling,2334,2412,standup,2412,2483,walk,2483,2524,falling,2524,2567,standup,2567,2628,walk,
20200628_201027_mlx90640_02_light_none.csv,84,113,walk,113,163,sitdown,163,208,standup,208,239,walk,239,282,sitdown,282,311,sit,311,341,standup,341,393,walk,393,448,sitdown,448,616,sit,616,660,standup,660,696,walk,696,738,sitdown,738,756,sit,756,798,standup,798,852,sit,852,893,standup,893,912,walk,912,965,sitdown,965,1026,standup,1026,1065,walk,1065,1090,sitdown,1090,1146,standup,1146,1150,walk,1150,1210,sitdown,1210,1260,standup,1260,1301,walk,1301,1338,sitdown,1338,1371,standup,1371,1392,walk,1392,1428,sitdown,1428,1445,sit,1445,1488,standup,1488,1513,walk,1513,1556,sitdown,1556,1623,sit,1623,1668,standup,1668,1688,walk,1688,1731,sitdown,1731,1761,sit,1761,1799,standup,1799,1816,walk,1816,1856,sitdown,1856,1876,sit,1876,1916,standup,1916,1941,walk,1941,1988,sitdown,1988,2025,standup,2025,2067,walk,
20200628_201622_mlx90640_02_light_none.csv,29,51,walk,51,111,lying,111,189,sleeping,189,313,standup,313,366,walk,366,416,sitdown,416,449,lying,449,505,standup,505,537,walk,537,604,lying,604,639,sleeping,639,693,standup,693,704,walk,704,763,lying,763,778,sleeping,778,832,standup,832,855,walk,855,905,lying,905,973,sleeping,973,1022,standup,1022,1053,walk,1053,1128,lying,1128,1206,standup,1206,1259,walk,1259,1326,sitdown,1326,1385,lying,1385,1403,sleeping,1403,1466,standup,1466,1564,walk,
20200628_221717_mlx90640_02_light_none.csv,27,57,walk,57,104,lying,104,145,standup,145,186,walk,186,241,lying,241,283,standup,283,334,walk,334,398,lying,398,456,standup,456,477,walk,477,546,lying,546,591,standup,591,652,walk,652,697,lying,697,740,standup,740,760,walk,760,814,lying,814,853,standup,853,893,walk,893,952,lying,952,1015,sleeping,1015,1063,standup,1063,1085,walk,1085,1138,lying,1138,1188,standup,1188,1235,walk,1235,1288,lying,1288,1298,sleeping,1298,1349,standup,1349,1402,lying,1402,1447,standup,1447,1477,walk,1477,1527,lying,1527,1565,standup,1565,1587,walk,1587,1654,lying,1654,1677,sleeping,1677,1732,standup,1732,1757,walk,1757,1834,lying,1834,1885,standup,1885,1925,walk,
20200628_222147_mlx90640_02_light_none.csv,40,63,walk,63,97,falling,97,147,standup,147,180,walk,180,226,falling,226,246,standup,246,304,walk,304,335,falling,335,358,falled,358,391,standup,391,428,walk,428,454,falling,454,489,standup,489,565,walk,565,590,falling,590,613,falled,613,651,standup,651,729,walk,729,783,walk,783,812,falling,812,853,standup,853,874,walk,874,891,falling,891,907,standup,907,1000,walk,1000,1033,falling,1033,1082,standup,1082,1128,walk,1128,1151,falling,1151,1179,standup,1179,1271,walk,1271,1303,falling,1303,1343,standup,1343,1397,walk,
20200628_222504_mlx90640_02_light_none.csv,33,64,walk,64,104,stand,104,155,walk,155,192,stand,192,237,walk,237,265,stand,265,324,stand,324,375,walk,375,400,stand,400,470,stand,470,516,walk,516,547,stand,547,1038,walk,1038,1152,stand,1152,1470,walk,
20200628_222843_mlx90640_02_light_none.csv,65,89,walk,89,134,sitdown,134,192,sit,192,226,standup,226,238,walk,238,290,sitdown,290,304,sit,304,336,standup,336,396,sitdown,396,407,sit,407,446,standup,446,454,walk,454,502,sitdown,502,510,sit,510,553,standup,553,599,sitdown,599,616,sit,616,650,standup,650,704,sitdown,704,774,sit,774,819,standup,819,830,walk,830,866,sitdown,866,916,sit,916,953,standup,953,973,walk,973,1022,walk,1022,1078,sitdown,1078,1092,sit,1092,1126,standup,1126,1149,walk,
20200628_223757_mlx90640_02_light_none.csv,65,148,walk,148,208,lying,208,267,standup,267,286,walk,286,334,lying,334,372,standup,372,391,walk,391,440,lying,440,484,standup,484,501,walk,501,548,lying,548,584,sleeping,584,618,standup,618,660,walk,660,704,lying,704,719,sleeping,719,750,standup,750,777,walk,777,816,lying,816,863,standup,863,895,walk,895,933,lying,933,1004,standup,1004,1029,walk,1029,1070,lying,1070,1108,sleeping,1108,1182,standup,1182,1219,walk,1219,1259,lying,1259,1312,sleeping,1312,1352,standup,1352,1397,walk,1397,1436,lying,1436,1458,sleeping,1458,1505,standup,1505,1541,walk,1541,1592,lying,1592,1642,standup,1642,1671,walk,1671,1725,lying,1725,1753,sleeping,1753,1795,standup,1795,1842,walk,1842,1900,lying,1900,1955,sleeping,1955,2004,standup,2004,2036,walk,2036,2079,lying,2079,2098,sleeping,2098,2122,standup,2122,2138,walk,
20200628_224925_mlx90640_02_light_none.csv,91,264,walk,264,313,stand,313,370,walk,370,1542,walk,1542,1810,walk,
20200628_225510_mlx90640_02_light_none.csv,35,67,walk,67,143,stand,143,199,walk,199,263,walk,263,349,walk,349,518,walk,518,564,stand,564,771,walk,771,1525,walk,
20200628_230049_mlx90640_02_light_none.csv,43,71,walk,71,113,lying,113,543,sleeping,543,591,standup,591,622,walk,622,662,lying,662,957,sleeping,957,1049,standup,1049,1081,walk,1081,1127,lying,1127,1249,sleeping,1249,1339,standup,1339,1438,walk,1438,1536,lying,1536,1736,sleeping,1736,1837,standup,1837,1937,walk,1937,1999,lying,1999,2069,standup,2069,2194,walk,2194,2263,lying,2263,2885,sleeping,2885,2966,standup,2966,2994,walk,
20200628_230751_mlx90640_02_light_none.csv,15,34,walk,34,59,falling,59,79,falled,79,126,standup,126,166,walk,166,197,falling,197,246,standup,246,387,walk,387,422,falling,422,471,standup,471,600,walk,600,631,falling,631,682,standup,682,713,walk,713,740,falling,740,753,falled,753,791,standup,791,823,walk,823,854,falling,854,896,standup,896,996,walk,996,1031,falling,1031,1070,standup,1070,1147,walk,1147,1182,falling,1182,1231,standup,1231,1266,walk,1266,1291,falling,1291,1303,falled,1303,1369,standup,1369,1431,walk,1431,1457,falling,1457,1509,standup,1509,1621,walk,1621,1646,falling,1646,1664,falled,1664,1738,standup,1738,1793,walk,1793,1817,falling,1817,1825,falled,1825,1874,standup,1874,1895,walk,
20200629_112511_mlx90640_02_light_none.csv,16,40,walk,40,63,stand,63,187,walk,187,220,sitdown,220,231,sit,231,277,standup,277,293,walk,293,323,falling,323,344,falled,344,387,falled,387,463,standup,463,537,walk,537,598,lying,598,642,sleeping,642,697,standup,697,754,walk,754,782,sitdown,782,812,sit,812,856,lying,856,1156,sleeping,1156,1296,standup,1296,1363,walk,1363,1408,sitdown,1408,1472,sit,1472,1519,standup,1519,1644,walk,1644,1687,falling,1687,1750,falled,1750,1822,standup,1822,1847,walk,
20200629_113434_mlx90640_02_light_none.csv,15,222,walk,222,268,sitdown,268,317,sit,317,348,standup,348,406,walk,406,450,sitdown,450,507,sit,507,535,standup,535,937,walk,937,974,sitdown,974,980,sit,980,1023,lying,1023,1086,sleeping,1086,1167,standup,1167,1461,walk,
20200629_114159_mlx90640_02_light_none.csv,50,86,walk,86,117,sitdown,117,166,sit,166,214,lying,214,936,sleeping,936,1060,standup,1060,1141,walk,1141,1176,sitdown,1176,1276,sit,1276,1307,standup,1307,1600,walk,1600,1623,falling,1623,1750,falled,1750,1888,standup,1888,2041,walk,2041,2084,sitdown,2084,2129,sit,2129,2164,standup,2164,2273,walk,
20200629_114729_mlx90640_02_light_none.csv,44,59,walk,59,91,falling,91,114,falled,114,195,standup,195,260,walk,260,289,sitdown,289,362,sit,362,391,standup,391,463,walk,463,494,sitdown,494,571,sit,571,600,standup,600,799,walk,799,823,falling,823,1001,falled,1001,1090,standup,1090,1120,walk,1120,1154,sitdown,1154,1215,sit,1215,1279,standup,1279,1437,walk,
20200629_115049_mlx90640_02_light_none.csv,56,322,walk,322,357,sitdown,357,430,sit,430,470,standup,470,551,walk,551,581,falling,581,615,falled,615,686,standup,686,767,walk,767,814,sitdown,814,873,sit,873,882,standup,882,1048,walk,
20200629_115413_mlx90640_02_light_none.csv,23,33,walk,33,225,active,225,483,walk,483,532,sitdown,532,592,sit,592,627,standup,627,736,walk,736,810,lying,810,920,sleeping,920,992,standup,992,1024,sit,1024,1066,standup,1066,1126,walk,1126,1202,sitdown,1202,1244,sit,1244,1278,standup,1278,1392,walk,
20200629_115759_mlx90640_02_light_none.csv,31,158,walk,158,214,sitdown,214,244,sit,244,313,lying,313,559,sleeping,559,633,standup,633,734,walk,734,796,sitdown,796,920,sit,920,951,standup,951,1159,walk,1159,1199,sitdown,1199,1250,sit,1250,1293,standup,1293,1326,walk,1326,1632,active,1632,1745,walk,
20200629_120225_mlx90640_02_light_none.csv,20,40,walk,40,82,sitdown,82,129,sit,129,173,standup,173,199,walk,199,246,sitdown,246,281,sit,281,333,standup,333,364,walk,364,410,sitdown,410,481,sit,481,522,standup,522,694,walk,694,787,lying,787,1193,sleeping,1193,1301,standup,1301,1354,walk,1354,1424,sitdown,1424,1498,sit,1498,1570,standup,1570,1613,falling,1613,1641,falled,1641,1704,standup,1704,1748,walk,
20200629_120638_mlx90640_02_light_none.csv,33,402,walk,402,460,sitdown,460,542,sit,542,598,standup,598,620,walk,620,662,falling,662,735,falled,735,802,standup,802,962,walk,962,1006,falling,1006,1060,falled,1060,1137,standup,1137,1283,walk,1283,1333,sitdown,1333,1421,sit,1421,1454,standup,1454,1470,walk,1470,1523,lying,1523,1542,sleeping,1542,1631,standup,1631,1762,walk,
20200629_121438_mlx90640_02_light_none.csv,52,172,walk,172,218,sitdown,218,278,sit,278,313,standup,313,319,walk,319,520,active,520,552,falling,552,648,falled,648,694,standup,694,713,active,713,749,walk,749,792,sitdown,792,921,sit,921,1003,standup,1003,1028,walk,1028,1068,falling,1068,1124,falled,1124,1255,standup,1255,1308,walk,1308,1397,lying,1397,1797,sleeping,1797,1866,standup,1866,1959,sit,1959,1993,standup,1993,2119,walk,2119,2161,falling,2161,2195,falled,2195,2253,standup,2253,2290,walk,2290,2322,sitdown,2322,2464,sit,2464,2523,standup,2523,2601,walk,
20200629_122037_mlx90640_02_light_none.csv,7,104,walk,104,153,lying,153,749,sleeping,749,852,standup,852,882,walk,882,932,sitdown,932,1080,sit,1080,1104,standup,1104,1274,walk,1274,1289,stand,1289,1334,sitdown,1334,1449,sit,1449,1488,standup,1488,1550,walk,1550,1593,sitdown,1593,1735,sit,1735,1789,standup,1789,1874,walk,
20200629_122502_mlx90640_02_light_none.csv,16,145,walk,145,173,sitdown,173,241,sit,241,305,standup,305,480,walk,480,529,sitdown,529,588,lying,588,847,sleeping,847,994,standup,994,1137,walk,1137,1190,sitdown,1190,1319,sit,1319,1346,standup,1346,1504,walk,1504,1539,falling,1539,1595,falled,1595,1712,standup,1712,1974,walk,1974,2027,sitdown,2027,2209,sit,2209,2246,standup,2246,2553,walk,
20200629_123427_mlx90640_02_light_none.csv,28,49,walk,49,102,sitdown,102,205,sit,205,255,standup,255,385,walk,385,425,sitdown,425,446,sit,446,490,lying,490,741,sleeping,741,787,standup,787,897,sit,897,953,standup,953,1007,walk,1007,1065,sitdown,1065,1162,sit,1162,1215,standup,1215,1255,walk,1255,1292,falling,1292,1385,standup,1385,1507,walk,1507,1533,falling,1533,1606,falled,1606,1650,standup,1650,1754,walk,1754,1812,sitdown,1812,1853,sit,1853,1907,standup,1907,1917,walk,
20200629_140431_mlx90640_02_light_none.csv,34,459,walk,459,517,sitdown,517,575,sit,575,600,standup,600,685,walk,685,740,lying,740,897,sleeping,897,944,standup,944,1118,walk,
20200629_140714_mlx90640_02_light_none.csv,30,59,walk,59,115,lying,115,463,sleeping,463,652,standup,652,713,walk,713,769,sitdown,769,857,sit,857,911,standup,911,1040,walk,1040,1079,sitdown,1079,1176,sit,1176,1227,standup,1227,1336,walk,1336,1375,sitdown,1375,1426,sit,1426,1461,standup,1461,1479,walk,
20200629_141043_mlx90640_02_light_none.csv,9,34,walk,34,111,lying,111,801,sleeping,801,919,standup,919,1022,walk,1022,1086,lying,1086,1165,sleeping,1165,1246,standup,1246,1341,walk,
20200629_141407_mlx90640_02_light_none.csv,13,141,walk,141,179,sitdown,179,312,sit,312,340,standup,340,382,walk,382,416,sitdown,416,451,sit,451,504,standup,504,527,walk,527,557,falling,557,582,falled,582,665,sit,665,701,standup,701,837,walk,837,875,sitdown,875,975,sit,975,1022,lying,1022,1482,sleeping,1482,1595,standup,1595,1611,walk,
20200629_141758_mlx90640_02_light_none.csv,21,109,walk,109,134,falling,134,327,falled,327,387,standup,387,644,walk,644,703,sitdown,703,759,sit,759,798,standup,798,826,walk,826,879,lying,879,1013,sleeping,1013,1054,standup,1054,1142,walk,1142,1177,sitdown,1177,1348,sit,1348,1385,standup,1385,1445,walk,1445,1485,sitdown,1485,1542,sit,1542,1576,standup,1576,1584,walk,
20200629_142140_mlx90640_02_light_none.csv,24,53,walk,53,85,falling,85,421,falled,421,544,standup,544,603,walk,603,643,sitdown,643,767,sit,767,823,standup,823,983,walk,983,1027,lying,1027,1231,sleeping,1231,1290,standup,1290,1329,walk,
20200629_142503_mlx90640_02_light_none.csv,9,32,walk,32,60,falling,60,259,falled,259,411,standup,411,554,walk,554,590,sitdown,590,643,sit,643,720,active,720,807,sit,807,864,standup,864,922,walk,922,1009,lying,1009,1396,sleeping,1396,1525,standup,1525,1615,walk,1615,1657,falling,1657,1769,falled,1769,1874,falled,1874,1941,standup,1941,1976,walk,
20200629_142941_mlx90640_02_light_none.csv,6,41,walk,41,124,lying,124,656,sleeping,656,833,standup,833,908,walk,908,947,sitdown,947,1108,sit,1108,1235,standup,1235,1245,walk,1245,1279,falling,1279,1394,falled,1394,1483,sit,1483,1533,standup,1533,1613,walk,1613,1655,sitdown,1655,1749,sit,1749,1788,standup,1788,1845,walk,
20200629_143357_mlx90640_02_light_none.csv,17,74,walk,74,104,sitdown,104,166,lying,166,828,sleeping,828,1000,standup,1000,1134,walk,1134,1165,falling,1165,1620,falled,1620,1773,standup,1773,1822,walk,
20200629_143810_mlx90640_02_light_none.csv,22,40,walk,40,65,falling,65,158,standup,158,242,sit,242,356,standup,356,432,walk,432,475,sitdown,475,610,sit,610,632,standup,632,687,walk,687,769,lying,769,1048,sleeping,1048,1227,standup,1227,1381,walk,1381,1426,sitdown,1426,1499,lying,1499,1754,sleeping,1754,1939,standup,1939,1976,walk,
20200629_144306_mlx90640_02_light_none.csv,34,234,walk,234,271,sitdown,271,493,sit,493,548,lying,548,854,sleeping,854,950,standup,950,1157,sit,1157,1220,standup,1220,1264,walk,1264,1305,falling,1305,1350,falled,1350,1470,lying,1470,1686,sleeping,1686,1772,standup,1772,1814,sit,1814,1874,standup,1874,1901,walk,1901,1944,sitdown,1944,2055,sit,2055,2110,standup,2110,2139,falling,2139,2245,standup,2245,2262,walk,
20200629_145306_mlx90640_02_light_none.csv,55,87,walk,87,137,falling,137,469,falled,469,516,standup,516,700,sit,700,747,standup,747,834,walk,834,880,sitdown,880,1092,sit,1092,1145,standup,1145,1165,walk,1165,1220,lying,1220,1569,sleeping,1569,1671,standup,1671,1795,walk,1795,1832,falling,1832,1938,falled,1938,2068,standup,2068,2098,walk,
20200629_145847_mlx90640_02_light_none.csv,67,97,walk,97,137,lying,137,700,sleeping,700,800,standup,800,1084,walk,1084,1117,falling,1117,1281,falled,1281,1399,standup,1399,1409,walk,1409,1448,falling,1448,1571,falled,1571,1594,standup,1594,1631,walk,1631,1684,falling,1684,1746,falled,1746,1848,standup,1848,1877,walk,
20200629_150344_mlx90640_02_light_none.csv,38,76,walk,76,127,lying,127,776,sleeping,776,828,standup,828,857,walk,857,891,sitdown,891,985,sit,985,1029,standup,1029,1036,walk,1036,1067,falling,1067,1288,falled,1288,1380,standup,1380,1531,walk,1531,1570,sitdown,1570,1689,standup,1689,1749,walk,
20200629_150832_mlx90640_02_light_none.csv,80,123,walk,123,158,falling,158,444,falled,444,564,standup,564,599,walk,599,636,sitdown,636,744,sit,744,780,standup,780,788,walk,788,814,falling,814,884,falled,884,934,standup,934,997,walk,997,1040,sitdown,1040,1162,sit,1162,1206,standup,1206,1414,walk,
20200629_152249_mlx90640_02_light_none.csv,19,53,walk,53,93,falling,93,365,falled,365,470,standup,470,550,sit,550,672,standup,672,830,walk,830,860,falling,860,996,falled,996,1153,falling,1153,1600,sleeping,1600,1863,standup,1863,1968,lying,1968,2027,sleeping,2027,2179,standup,2179,2194,walk,2194,2239,falling,2239,2329,sit,2329,2374,lying,2374,2430,sleeping,2430,2503,standup,2503,2519,walk,
20200629_153215_mlx90640_02_light_none.csv,27,47,walk,47,80,falling,80,449,falled,449,578,standup,578,607,walk,607,637,sitdown,637,764,sit,764,799,standup,799,807,walk,807,856,falling,856,1103,falled,1103,1182,standup,1182,1261,sit,1261,1328,standup,1328,1370,walk,1370,1407,falling,1407,1568,falled,1568,1677,standup,1677,1756,walk,
20200629_153623_mlx90640_02_light_none.csv,43,81,walk,81,162,lying,162,677,sleeping,677,749,standup,749,801,walk,801,849,sitdown,849,1057,sit,1057,1102,standup,1102,1329,walk,1329,1359,falling,1359,1476,falled,1476,1595,standup,1595,1641,walk,1641,1697,lying,1697,1801,sleeping,1801,1894,standup,1894,1940,walk,
20200629_154245_mlx90640_02_light_none.csv,51,414,walk,414,436,falling,436,850,falled,850,895,standup,895,994,sit,994,1040,standup,1040,1090,walk,1090,1144,sitdown,1144,1226,lying,1226,1613,sleeping,1613,1729,standup,1729,1752,walk,1752,1780,sitdown,1780,1867,sit,1867,1903,standup,1903,1926,walk,
20200629_154713_mlx90640_02_light_none.csv,10,40,walk,40,89,lying,89,793,sleeping,793,849,standup,849,1145,sit,1145,1208,standup,1208,1296,walk,1296,1338,falling,1338,1442,falled,1442,1553,sit,1553,1659,standup,1659,1800,walk,1800,1836,sitdown,1836,2036,sit,2036,2132,standup,2132,2207,walk,
20200629_155230_mlx90640_02_light_none.csv,19,259,walk,259,291,falling,291,597,falled,597,695,standup,695,730,active,730,764,falling,764,837,falled,837,927,standup,927,1059,active,1059,1104,falling,1104,1248,falled,1248,1303,standup,1303,1462,sit,1462,1531,standup,1531,1549,walk,
20200629_155637_mlx90640_02_light_none.csv,23,89,walk,89,122,sitdown,122,249,sit,249,295,lying,295,997,sleeping,997,1196,standup,1196,1415,walk,
20200629_160002_mlx90640_02_light_none.csv,24,193,walk,193,232,falling,232,715,falled,715,826,standup,826,869,walk,869,914,sitdown,914,1196,sit,1196,1281,standup,1281,1303,walk,1303,1337,falling,1337,1883,falled,1883,2073,standup,2073,2129,walk,2129,2180,lying,2180,2509,sleeping,2509,2599,standup,2599,2628,walk,
20200629_162656_mlx90640_02_light_none.csv,9,44,walk,44,94,lying,94,606,sleeping,606,699,standup,699,963,walk,963,1008,falling,1008,1109,falled,1109,1238,sleeping,1238,1338,standup,1338,1377,walk,1377,1409,sitdown,1409,1431,sit,1431,1454,standup,1454,1477,walk,
20200629_163028_mlx90640_02_light_none.csv,16,54,walk,54,143,active,143,170,falling,170,241,falled,241,477,standup,477,509,walk,509,586,active,586,1204,walk,1204,1243,sitdown,1243,1348,sit,1348,1398,sit,1398,1462,standup,1462,1490,walk,
20200629_163430_mlx90640_02_light_none.csv,29,91,walk,91,128,sitdown,128,216,sit,216,252,standup,252,265,walk,265,293,falling,293,473,falled,473,588,standup,588,651,walk,651,716,lying,716,987,sleeping,987,1127,standup,1127,1411,walk,
20200629_163753_mlx90640_02_light_none.csv,26,109,walk,109,140,falling,140,216,falled,216,378,sleeping,378,504,standup,504,557,walk,557,598,lying,598,785,sleeping,785,868,standup,868,900,walk,900,943,sitdown,943,987,sit,987,1028,standup,1028,1246,walk,1246,1288,falling,1288,1384,standup,1384,1523,walk,
20200629_164532_mlx90640_02_light_none.csv,18,26,walk,26,51,falling,51,122,standup,122,137,walk,137,180,sitdown,180,208,sit,208,247,standup,247,280,walk,280,314,falling,314,351,falled,351,413,standup,413,457,walk,457,490,falling,490,575,standup,575,605,walk,605,625,falling,625,677,falled,677,768,standup,768,816,walk,816,858,sitdown,858,887,sit,887,932,standup,932,946,walk,946,979,lying,979,1169,sleeping,1169,1287,sleeping,1287,1433,standup,1433,1476,walk,1476,1515,sitdown,1515,1528,sit,1528,1609,standup,1609,1765,walk,
20200629_164954_mlx90640_02_light_none.csv,21,37,walk,37,84,sitdown,84,226,sit,226,264,standup,264,385,walk,385,433,sitdown,433,552,sit,552,619,standup,619,808,walk,808,878,lying,878,1105,sleeping,1105,1202,standup,1202,1278,walk,1278,1312,falling,1312,1315,falled,1315,1412,standup,1412,1484,walk,1484,1506,falling,1506,1567,standup,1567,1593,walk,1593,1616,falling,1616,1643,falled,1643,1722,standup,1722,1818,walk,
20200629_165419_mlx90640_02_light_none.csv,20,64,walk,64,98,lying,98,224,sleeping,224,379,sleeping,379,507,standup,507,568,walk,568,615,lying,615,709,sleeping,709,774,standup,774,831,walk,831,869,sitdown,869,944,sit,944,1007,standup,1007,1079,walk,1079,1105,falling,1105,1238,falled,1238,1337,standup,1337,1538,walk,1538,1578,sitdown,1578,1624,standup,1624,1649,walk,1649,1678,falling,1678,1792,falled,1792,1873,standup,1873,1893,walk,
20200629_170033_mlx90640_02_light_none.csv,19,55,walk,55,89,sitdown,89,192,sit,192,233,standup,233,430,walk,430,489,lying,489,1007,sleeping,1007,1094,standup,1094,1277,walk,1277,1299,falling,1299,1437,falled,1437,1583,standup,1583,1628,walk,1628,1660,lying,1660,1707,sleeping,1707,1777,standup,1777,1807,walk,
20200629_170455_mlx90640_02_light_none.csv,17,47,walk,47,123,lying,123,224,sleeping,224,278,standup,278,307,walk,307,354,active,354,383,falling,383,472,falled,472,540,standup,540,593,active,593,656,walk,656,691,sitdown,691,720,lying,720,772,sleeping,772,1033,sleeping,1033,1150,standup,1150,1224,walk,1224,1251,falling,1251,1319,falled,1319,1418,standup,1418,1548,walk,1548,1581,sitdown,1581,1662,standup,1662,1794,walk,1794,1820,falling,1820,2051,falled,2051,2155,standup,2155,2191,walk,
20200629_171321_mlx90640_02_light_none.csv,25,55,walk,55,95,lying,95,277,sleeping,277,331,standup,331,363,sit,363,400,lying,400,783,sleeping,783,880,standup,880,1012,walk,1012,1042,falling,1042,1146,falled,1146,1243,standup,1243,1295,walk,1295,1348,falling,1348,1437,standup,1437,1597,walk,1597,1647,lying,1647,1699,standup,1699,1716,walk,
20200629_171745_mlx90640_02_light_none.csv,26,49,walk,49,77,falling,77,164,falled,164,247,standup,247,281,walk,281,310,falling,310,461,falled,461,540,standup,540,659,walk,659,728,lying,728,827,sleeping,827,919,standup,919,946,walk,946,975,falling,975,1070,falled,1070,1216,standup,1216,1308,walk,1308,1355,sitdown,1355,1443,standup,1443,1478,walk,1478,1505,falling,1505,1540,falled,1540,1671,standup,1671,1725,walk,
20200629_172713_mlx90640_02_light_none.csv,27,47,walk,47,66,falling,66,156,falled,156,228,falling,228,413,standup,413,441,walk,441,483,sitdown,483,559,sit,559,610,standup,610,648,walk,648,700,sitdown,700,770,lying,770,1008,sleeping,1008,1153,standup,1153,1256,walk,1256,1304,falling,1304,1371,falled,1371,1447,standup,1447,1506,walk,1506,1530,falling,1530,1630,falled,1630,1681,standup,1681,1722,walk,
20200629_173119_mlx90640_02_light_none.csv,79,102,walk,102,131,falling,131,191,falled,191,415,sleeping,415,498,falling,498,750,sleeping,750,892,standup,892,929,walk,929,971,sitdown,971,1077,sit,1077,1121,standup,1121,1139,walk,1139,1195,lying,1195,1298,sleeping,1298,1345,standup,1345,1362,walk,1362,1398,falling,1398,1494,standup,1494,1609,walk,
20200629_173804_mlx90640_02_light_none.csv,25,42,walk,42,67,falling,67,263,falled,263,332,falling,332,393,falled,393,489,standup,489,525,walk,525,555,sitdown,555,632,sit,632,670,standup,670,732,lying,732,965,sleeping,965,1100,standup,1100,1225,walk,1225,1277,sitdown,1277,1318,sit,1318,1367,standup,1367,1394,walk,1394,1420,falling,1420,1595,falled,1595,1691,standup,1691,1728,walk,
20200629_174209_mlx90640_02_light_none.csv,16,45,walk,45,86,lying,86,353,sleeping,353,448,falling,448,593,sleeping,593,654,standup,654,690,walk,690,731,sitdown,731,840,sit,840,877,standup,877,897,walk,897,929,falling,929,1013,falled,1013,1111,standup,1111,1133,walk,
20200629_181614_mlx90640_02_light_none.csv,0,42,falling,42,168,falled,168,226,standup,226,262,walk,262,290,sitdown,290,368,sit,368,402,standup,402,410,walk,410,474,lying,474,640,sleeping,640,802,standup,802,836,walk,836,880,sitdown,880,921,standup,921,954,falling,954,1002,falled,1002,1074,standup,1074,1184,walk,1184,1216,falling,1216,1306,standup,1306,1468,walk,1468,1519,lying,1519,1709,sleeping,1709,1790,standup,1790,1846,walk,
20200630_145508_mlx90640_02_light_none.csv,13,66,active,66,92,falling,92,155,standup,155,231,active,231,266,falling,266,291,falled,291,337,standup,337,409,falling,409,429,falled,429,494,standup,494,530,active,530,566,falling,566,583,falled,583,636,standup,636,693,active,693,721,falling,721,762,standup,762,792,walk,792,818,falling,818,868,standup,868,1007,active,1007,1109,walk,1109,1144,falling,1144,1197,standup,1197,1237,walk,1237,1267,falling,1267,1325,standup,1325,1381,walk,1381,1408,falling,1408,1456,standup,1456,1578,walk,
20200630_145917_mlx90640_02_light_none.csv,24,48,walk,48,80,falling,80,117,standup,117,158,walk,158,184,falling,184,250,standup,250,440,walk,440,466,stand,466,505,walk,505,557,falling,557,577,falled,577,653,standup,653,753,walk,753,788,falling,788,808,falled,808,857,standup,857,899,walk,899,924,falling,924,990,standup,990,1045,walk,1045,1080,falling,1080,1109,falled,1109,1148,standup,1148,1192,falling,1192,1247,standup,1247,1265,walk,1265,1285,falling,1285,1296,falled,1296,1334,standup,1334,1378,walk,1378,1402,falling,1402,1469,standup,1469,1493,walk,1493,1516,falling,1516,1552,standup,1552,1589,walk,1589,1608,falling,1608,1649,standup,1649,1662,walk,
20200630_150314_mlx90640_02_light_none.csv,90,106,walk,106,129,falling,129,146,falled,146,193,standup,193,234,walk,234,266,falling,266,308,standup,302,329,walk,329,356,falling,356,363,falled,363,407,standup,407,414,walk,414,436,falling,436,446,falled,446,491,standup,491,550,walk,550,588,falling,588,629,standup,629,732,walk,732,757,falling,757,769,falled,769,808,standup,808,836,walk,836,856,falling,856,898,standup,898,933,walk,933,956,falling,956,986,standup,986,1016,walk,1016,1040,falling,1040,1108,standup,1108,1149,walk,1149,1177,falling,1177,1226,standup,1226,1300,walk,1300,1328,falling,1328,1380,standup,1380,1481,walk,
20200630_151414_mlx90640_02_light_none.csv,20,31,walk,31,50,falling,50,78,standup,78,116,falling,116,158,standup,158,172,walk,172,200,falling,200,207,falled,207,250,standup,250,264,walk,264,290,falling,290,304,falled,304,343,standup,343,360,walk,360,384,falling,384,427,standup,427,444,walk,444,468,falling,468,534,standup,534,565,walk,565,592,falling,592,638,standup,638,673,walk,673,701,falling,701,723,standup,723,767,walk,767,800,falling,800,860,standup,860,897,walk,897,924,falling,924,1011,standup,1011,1088,walk,1088,1108,falling,1108,1160,standup,1160,1195,falling,1195,1272,standup,1272,1320,walk,1320,1348,falling,1348,1439,standup,1439,1502,falling,1502,1572,standup,1572,1632,walk,1632,1672,falling,1672,1737,standup,1737,1786,walk,1786,1814,falling,1814,1857,standup,1857,1889,walk,1889,1914,falling,1914,1970,standup,1970,2013,walk,2013,2038,falling,2038,2082,standup,2082,2116,walk,
20200630_152020_mlx90640_02_light_none.csv,31,51,walk,51,96,sitdown,96,310,sit,310,350,standup,350,401,walk,401,442,sitdown,442,581,sit,581,635,standup,638,686,walk,686,729,sitdown,729,813,sit,813,888,standup,888,932,walk,932,975,sitdown,975,1012,sit,1012,1052,standup,1052,1079,walk,1079,1171,stand,1171,1266,walk,1266,1313,lying,1313,1494,sleeping,1494,1574,standup,1574,1639,walk,1639,1681,sitdown,1681,1697,sit,1697,1734,standup,1734,1810,walk,1810,1857,sitdown,1857,1883,sit,1883,1931,standup,1931,1954,walk,
20200630_152710_mlx90640_02_light_none.csv,41,107,walk,107,145,sitdown,145,172,sit,172,220,lying,220,292,sleeping,292,374,standup,374,462,walk,462,513,sitdown,513,623,sit,623,679,lying,679,990,sleeping,990,1062,standup,1062,1118,walk,1118,1154,sitdown,1154,1195,sit,1195,1271,standup,1271,1301,walk,1301,1416,lying,1416,2087,sleeping,2087,2251,standup,2251,2302,walk,2302,2384,lying,2384,2810,sleeping,2810,2934,standup,2934,3014,walk,3014,3059,sitdown,3059,3187,standup,3187,3233,walk,
20200630_153457_mlx90640_02_light_none.csv,26,57,walk,57,101,sitdown,101,174,sit,174,347,lying,347,510,sleeping,510,620,standup,620,678,walk,678,727,sitdown,727,756,sit,756,891,standup,891,951,walk,951,995,sitdown,995,1096,sit,1096,1182,lying,1182,1411,sleeping,1411,1553,standup,1553,1667,walk,1667,1873,lying,1873,2420,sleeping,2420,2626,standup,2626,2669,walk,
20200630_154106_mlx90640_02_light_none.csv,47,124,walk,124,182,sitdown,182,235,sit,235,297,standup,297,327,walk,327,379,sitdown,379,470,sit,470,577,standup,577,637,walk,637,681,sitdown,681,752,sit,752,863,standup,863,1009,walk,1009,1089,sitdown,1089,1236,sit,1236,1300,lying,1300,1533,sleeping,1533,1617,standup,1617,1675,walk,1675,1734,sitdown,1734,1834,standup,1834,1886,walk,
20200630_160421_mlx90640_02_light_none.csv,39,60,walk,60,97,sitdown,97,114,sit,114,175,lying,175,296,sleeping,296,407,standup,407,456,walk,456,529,sitdown,529,578,lying,578,744,sleeping,744,868,standup,868,967,walk,967,1023,sitdown,1023,1060,standup,1060,1111,walk,1111,1172,lying,1172,1611,sleeping,1611,1691,standup,1691,1777,walk,1777,1836,lying,1836,1934,standup,1934,1990,walk,1990,2052,lying,2052,2179,standup,2179,2218,walk,2218,2301,lying,2301,2348,sleeping,2348,2427,standup,2427,2471,walk,2471,2525,lying,2525,2584,standup,2584,2615,walk,2615,2654,sitdown,2654,2667,sit,2667,2732,standup,2732,2773,walk,
20200630_161046_mlx90640_02_light_none.csv,38,51,walk,51,81,falling,81,102,falled,102,201,standup,201,218,walk,218,241,falling,241,262,falled,262,315,standup,315,343,walk,343,374,falling,374,446,standup,446,479,walk,479,516,falling,516,591,standup,591,624,walk,624,654,falling,654,680,falled,680,745,standup,745,794,walk,794,844,falling,844,936,standup,936,967,walk,967,995,falling,995,1061,standup,1061,1106,walk,1106,1130,falling,1130,1167,standup,1167,1210,walk,1210,1234,falling,1234,1253,falled,1253,1345,standup,1345,1415,walk,1415,1462,falling,1462,1478,falled,1478,1551,standup,1551,1576,walk,1576,1616,falling,1616,1684,standup,1684,1733,walk,1733,1774,falling,1774,1833,falled,1833,1909,standup,1909,2049,walk,
20200630_161552_mlx90640_02_light_none.csv,43,99,walk,99,146,sitdown,146,176,sit,176,231,standup,231,293,walk,293,351,sitdown,351,455,sit,455,500,standup,500,560,walk,560,614,sitdown,614,631,sit,631,711,lying,711,815,standup,815,968,walk,968,1025,sitdown,1025,1050,sit,1050,1127,standup,1127,1190,walk,1190,1233,sitdown,1233,1293,lying,1293,1410,standup,1410,1469,walk,1469,1508,sitdown,1508,1588,standup,1588,1631,walk,1631,1707,lying,1707,1799,sleeping,1799,1909,standup,1909,1969,walk,1969,2029,sitdown,2029,2093,sit,2093,2098,standup,2098,2153,walk,2153,2219,sitdown,2219,2234,sit,2234,2324,lying,2324,2486,standup,2486,2523,walk,
